<?xml version="1.0" encoding="utf-8"?>
<extension version="1.6" type="plugin" group="system" method="upgrade">
   <name>System - TitleLink</name>
   <author>Tobias Gesellchen</author>
   <creationDate>2008-06-03</creationDate>
   <copyright>(C) 2005-2011 Tobias Gesellchen. All rights reserved.</copyright>
   <license>http://www.gnu.org/licenses/gpl-2.0.html GNU/GPL</license>
   <authorEmail>tobias@gesellix.de</authorEmail>
   <authorUrl>www.gesellix.de</authorUrl>
   <version>3.5.0 2012-04-12 stable</version>
   <description>DESCTITLELINK</description>
   <files>
      <filename plugin="titlelink">titlelink.php</filename>
      <filename>titlelink_plugins/plugin_content_title.php</filename>
      <filename>titlelink_plugins/plugin_menuitem.php</filename>
      <filename>titlelink_plugins/plugin_remository.php</filename>
      <filename>titlelink_plugins/plugin_shortlink.php</filename>
      <filename>titlelink_plugins/plugin_virtuemart.php</filename>
      <filename>titlelink_plugins/plugin_virtuemart_category.php</filename>
      <filename>titlelink_plugins/plugin_alberghi.php</filename>
      <filename>titlelink_plugins/plugin_artforms.php</filename>
      <filename>titlelink_plugins/plugin_docman.php</filename>
      <filename>titlelink_plugins/plugin_peoplebook.php</filename>
      <filename>titlelink_plugins/plugin_jmovies.php</filename>
   </files>
   <languages folder="administrator/language">
      <language tag="en-GB">en-GB/en-GB.plg_system_titlelink.ini</language>
      <language tag="en-GB">en-GB/en-GB.plg_system_titlelink.sys.ini</language>
   </languages>
   <!--
   <languages folder="administrator/language">
      <language tag="en-GB">en-GB.plg_system_titlelink.ini</language>
   </languages>
   -->

   <config>
      <fields name="params">
         <fieldset name="basic">
            <field
                  name="separator"
                  type="text"
                  default=":"
                  label="Separator"
                  description="Default is the colon ':'"/>
            <field
                  name="trigger_prefix"
                  type="text"
                  default="{ln"
                  label="Prefix"
                  description="Default: {ln"/>
            <field
                  name="trigger_suffix"
                  type="text"
                  default="}"
                  label="Suffix"
                  description="Default: }"/>
            <field name="@spacer" type="spacer" default="" label="" description=""/>
            <field
                  name="enablepartialmatch"
                  type="radio"
                  default="1"
                  label="Enable partial match"
                  description="If no match is found with the exact search, try partial matching.">
               <option value="1">Enabled</option>
               <option value="0">Disabled</option>
            </field>
            <field
                  name="enablenewcontent"
                  type="radio"
                  default="0"
                  label="Link to create new article"
                  description="If no match is found, create a link to add new content.">
               <option value="1">Enabled</option>
               <option value="0">Disabled</option>
            </field>
            <field
                  name="disp_link"
                  type="list"
                  label="Displayed Link"
                  default="1"
                  description="Options for Displayed Link (if no explicit title entered after ')">
               <option value="0">Query String</option>
               <option value="1">Query Result</option>
            </field>
            <field
                  name="disp_tooltip"
                  type="list"
                  label="Displayed ToolTip"
                  default="1"
                  description="Options for ToolTip (ALT Text)">
               <option value="0">Query String</option>
               <option value="1">Query Result</option>
               <option value="2">Explicit Title</option>
            </field>
            <field name="@spacer" type="spacer" default="" label="" description=""/>
            <field
                  name="plugin_content_title"
                  type="list"
                  default="1"
                  label="Content by Title or Alias"
                  description="TODO.">
               <option value="0">Disabled</option>
               <option value="1">1</option>
               <option value="2">2</option>
               <option value="3">3</option>
               <option value="4">4</option>
               <option value="5">5</option>
               <option value="6">6</option>
               <option value="7">7</option>
               <option value="8">8</option>
               <option value="9">9</option>
               <option value="10">10</option>
            </field>
            <field
                  name="plugin_menuitem"
                  type="list"
                  default="2"
                  label="Content by Menuitem"
                  description="TODO.">
               <option value="0">Disabled</option>
               <option value="1">1</option>
               <option value="2">2</option>
               <option value="3">3</option>
               <option value="4">4</option>
               <option value="5">5</option>
               <option value="6">6</option>
               <option value="7">7</option>
               <option value="8">8</option>
               <option value="9">9</option>
               <option value="10">10</option>
            </field>
            <field
                  name="plugin_shortlink"
                  type="list"
                  default="0"
                  label="Content by Shortlink (needs com_shortlink)"
                  description="TODO.">
               <option value="0">Disabled</option>
               <option value="1">1</option>
               <option value="2">2</option>
               <option value="3">3</option>
               <option value="4">4</option>
               <option value="5">5</option>
               <option value="6">6</option>
               <option value="7">7</option>
               <option value="8">8</option>
               <option value="9">9</option>
               <option value="10">10</option>
            </field>
            <field
                  name="plugin_virtuemart"
                  type="list"
                  default="0"
                  label="Content by VirtueMart Product (needs com_virtuemart)"
                  description="TODO.">
               <option value="0">Disabled</option>
               <option value="1">1</option>
               <option value="2">2</option>
               <option value="3">3</option>
               <option value="4">4</option>
               <option value="5">5</option>
               <option value="6">6</option>
               <option value="7">7</option>
               <option value="8">8</option>
               <option value="9">9</option>
               <option value="10">10</option>
            </field>
            <field
                  name="plugin_virtuemart_category"
                  type="list"
                  default="0"
                  label="Content by VirtueMart Category (needs com_virtuemart)"
                  description="TODO.">
               <option value="0">Disabled</option>
               <option value="1">1</option>
               <option value="2">2</option>
               <option value="3">3</option>
               <option value="4">4</option>
               <option value="5">5</option>
               <option value="6">6</option>
               <option value="7">7</option>
               <option value="8">8</option>
               <option value="9">9</option>
               <option value="10">10</option>
            </field>
            <field
                  name="plugin_alberghi"
                  type="list"
                  default="0"
                  label="Content by Alberghi (needs com_alberghi)"
                  description="TODO.">
               <option value="0">Disabled</option>
               <option value="1">1</option>
               <option value="2">2</option>
               <option value="3">3</option>
               <option value="4">4</option>
               <option value="5">5</option>
               <option value="6">6</option>
               <option value="7">7</option>
               <option value="8">8</option>
               <option value="9">9</option>
               <option value="10">10</option>
            </field>
            <field
                  name="plugin_artforms"
                  type="list"
                  default="0"
                  label="Content by ArtForms (needs com_artforms)"
                  description="TODO.">
               <option value="0">Disabled</option>
               <option value="1">1</option>
               <option value="2">2</option>
               <option value="3">3</option>
               <option value="4">4</option>
               <option value="5">5</option>
               <option value="6">6</option>
               <option value="7">7</option>
               <option value="8">8</option>
               <option value="9">9</option>
               <option value="10">10</option>
            </field>
            <field
                  name="plugin_docman"
                  type="list"
                  default="0"
                  label="Content by DocMan (needs com_docman)"
                  description="TODO.">
               <option value="0">Disabled</option>
               <option value="1">1</option>
               <option value="2">2</option>
               <option value="3">3</option>
               <option value="4">4</option>
               <option value="5">5</option>
               <option value="6">6</option>
               <option value="7">7</option>
               <option value="8">8</option>
               <option value="9">9</option>
               <option value="10">10</option>
            </field>
            <field
                  name="plugin_remository"
                  type="list"
                  default="0"
                  label="Content by Remository (needs com_remository)"
                  description="TODO.">
               <option value="0">Disabled</option>
               <option value="1">1</option>
               <option value="2">2</option>
               <option value="3">3</option>
               <option value="4">4</option>
               <option value="5">5</option>
               <option value="6">6</option>
               <option value="7">7</option>
               <option value="8">8</option>
               <option value="9">9</option>
               <option value="10">10</option>
            </field>
            <field
                  name="plugin_peoplebook"
                  type="list"
                  default="0"
                  label="Content by PeopleBook (needs com_peoplebook)"
                  description="TODO.">
               <option value="0">Disabled</option>
               <option value="1">1</option>
               <option value="2">2</option>
               <option value="3">3</option>
               <option value="4">4</option>
               <option value="5">5</option>
               <option value="6">6</option>
               <option value="7">7</option>
               <option value="8">8</option>
               <option value="9">9</option>
               <option value="10">10</option>
            </field>
            <field
                  name="plugin_jmovies"
                  type="list"
                  default="0"
                  label="Content by JMovies (needs com_jmovies)"
                  description="TODO.">
               <option value="0">Disabled</option>
               <option value="1">1</option>
               <option value="2">2</option>
               <option value="3">3</option>
               <option value="4">4</option>
               <option value="5">5</option>
               <option value="6">6</option>
               <option value="7">7</option>
               <option value="8">8</option>
               <option value="9">9</option>
               <option value="10">10</option>
            </field>
         </fieldset>
      </fields>
   </config>
</extension>